ID;benchmarkPhase;streamNumber;queryNumber;epochStartTimestamp;epochEndTimestamp;humanReadableStartTime;humanReadableEndTime;durationInMilliseconds;durationInSeconds;humanReadableDuration;queryType;successful;
1;BENCHMARK;;;1563100941712;1563102190392;2019-07-14 05:42:21.712;2019-07-14 06:03:10.392;1248680;1248.680;0h:20m:48s:680ms;;true;
2;POWER_TEST;;;1563100941712;1563102190391;2019-07-14 05:42:21.712;2019-07-14 06:03:10.391;1248679;1248.679;0h:20m:48s:679ms;;true;
3;POWER_TEST;0;;1563100941714;1563102190391;2019-07-14 05:42:21.714;2019-07-14 06:03:10.391;1248677;1248.677;0h:20m:48s:677ms;;true;
4;POWER_TEST;0;2;1563100941714;1563102190388;2019-07-14 05:42:21.714;2019-07-14 06:03:10.388;1248674;1248.674;0h:20m:48s:674ms;semi-structured;true;
