ID;benchmarkPhase;streamNumber;queryNumber;epochStartTimestamp;epochEndTimestamp;humanReadableStartTime;humanReadableEndTime;durationInMilliseconds;durationInSeconds;humanReadableDuration;queryType;successful;
1;BENCHMARK;;;1562761209892;1562761234146;2019-07-10 07:20:09.892;2019-07-10 07:20:34.146;24254;24.254;0h:00m:24s:254ms;;false;
2;POWER_TEST;;;1562761209893;1562761234145;2019-07-10 07:20:09.893;2019-07-10 07:20:34.145;24252;24.252;0h:00m:24s:252ms;;false;
3;POWER_TEST;0;;1562761209894;1562761234145;2019-07-10 07:20:09.894;2019-07-10 07:20:34.145;24251;24.251;0h:00m:24s:251ms;;false;
4;POWER_TEST;0;6;1562761209895;1562761234142;2019-07-10 07:20:09.895;2019-07-10 07:20:34.142;24247;24.247;0h:00m:24s:247ms;structured;false;
5;SHOW_TIMES;;;1562761234148;1562761234177;2019-07-10 07:20:34.148;2019-07-10 07:20:34.177;29;0.029;0h:00m:00s:029ms;;true;
6;SHOW_ERRORS;;;1562761234178;1562761234207;2019-07-10 07:20:34.178;2019-07-10 07:20:34.207;29;0.029;0h:00m:00s:029ms;;true;
