ID;benchmarkPhase;streamNumber;queryNumber;epochStartTimestamp;epochEndTimestamp;humanReadableStartTime;humanReadableEndTime;durationInMilliseconds;durationInSeconds;humanReadableDuration;queryType;successful;
1;BENCHMARK;;;1563090311634;1563091510157;2019-07-14 02:45:11.634;2019-07-14 03:05:10.157;1198523;1198.523;0h:19m:58s:523ms;;true;
2;POWER_TEST;;;1563090311635;1563091510156;2019-07-14 02:45:11.635;2019-07-14 03:05:10.156;1198521;1198.521;0h:19m:58s:521ms;;true;
3;POWER_TEST;0;;1563090311636;1563091510156;2019-07-14 02:45:11.636;2019-07-14 03:05:10.156;1198520;1198.520;0h:19m:58s:520ms;;true;
4;POWER_TEST;0;6;1563090311637;1563091510153;2019-07-14 02:45:11.637;2019-07-14 03:05:10.153;1198516;1198.516;0h:19m:58s:516ms;structured;true;
5;SHOW_TIMES;;;1563091510158;1563091510185;2019-07-14 03:05:10.158;2019-07-14 03:05:10.185;27;0.027;0h:00m:00s:027ms;;true;
6;SHOW_ERRORS;;;1563091510187;1563091510214;2019-07-14 03:05:10.187;2019-07-14 03:05:10.214;27;0.027;0h:00m:00s:027ms;;true;
