ID;benchmarkPhase;streamNumber;queryNumber;epochStartTimestamp;epochEndTimestamp;humanReadableStartTime;humanReadableEndTime;durationInMilliseconds;durationInSeconds;humanReadableDuration;queryType;successful;
1;BENCHMARK;;;1562760446635;1562760470962;2019-07-10 07:07:26.635;2019-07-10 07:07:50.962;24327;24.327;0h:00m:24s:327ms;;false;
2;POWER_TEST;;;1562760446636;1562760470961;2019-07-10 07:07:26.636;2019-07-10 07:07:50.961;24325;24.325;0h:00m:24s:325ms;;false;
3;POWER_TEST;0;;1562760446637;1562760470961;2019-07-10 07:07:26.637;2019-07-10 07:07:50.961;24324;24.324;0h:00m:24s:324ms;;false;
4;POWER_TEST;0;6;1562760446638;1562760470958;2019-07-10 07:07:26.638;2019-07-10 07:07:50.958;24320;24.320;0h:00m:24s:320ms;structured;false;
5;SHOW_TIMES;;;1562760470964;1562760470991;2019-07-10 07:07:50.964;2019-07-10 07:07:50.991;27;0.027;0h:00m:00s:027ms;;true;
6;SHOW_ERRORS;;;1562760470993;1562760471020;2019-07-10 07:07:50.993;2019-07-10 07:07:51.020;27;0.027;0h:00m:00s:027ms;;true;
